Название товара,Цена товара,Ссылка на товар
Подвесной светильник Сансет Black,5190,/product/podvesnoj-svetilnik-sanset-black
Торшер Билли Black,12 990,/product/torsher-billi-black
Подвесной светильник Бабл-9,16 490,/product/podvesnoj-svetilnik-babl-9
Торшер Бабл-1,6190,/product/torsher-babl-1
Подвесной светильник Бабл-3,6190,/product/podvesnoj-svetilnik-babl-3
Бра Бабл Black,1990,/product/bra-babl-black
Настольная лампа Дэнди Black,2990,/product/nastolnaya-lampa-dendi-black
Настольная лампа Дэнди White,2990,/product/nastolnaya-lampa-dendi-white
Торшер Варио White,3999,/product/torsher-vario-white
Бра Варио Black,990,/product/bra-vario-black
Бра Варио White,990,/product/bra-vario-white
Подвесной светильник Сансет White,3690,/product/podvesnoj-svetilnik-sanset-white
Подвесной светильник Кэндел Black,2690,/product/podvesnoj-svetilnik-kendel-black
Подвесной светильник Кэндел White,2690,/product/podvesnoj-svetilnik-kendel-white
Настольная лампа Сфера Orange,4990,/product/nastolnaya-lampa-sfera-orange
Подвесной светильник Кая Black,2590,/product/podvesnoj-svetilnik-kaya-black
Торшер Вена Black,9990,/product/torsher-vena-black
Настольная лампа Гровер Glass,3990,/product/nastolnaya-lampa-grover-glass
Настольная лампа Рэй Black,2990,/product/nastolnaya-lampa-rej-black
Подвесной светильник Портланд Black,1990,/product/podvesnoj-svetilnik-portland-black
Торшер Рэй White,4990,/product/torsher-rej-white
Торшер Мун Black,5990,/product/torsher-mun-black
Торшер Варио Black,4990,/product/torsher-vario-black
Настольная лампа Раффи Round,5990,/product/nastolnaya-lampa-raffi-round
Торшер Гросс White,5990,/product/torsher-gross-white
Бра Moderli Alina,3190,/product/bra-moderli-alina
Подвесной светильник Маро Green,11 690,/product/podvesnoj-svetilnik-maro-green
Настольная лампа Машрум Grey,3990,/product/nastolnaya-lampa-mashrum-grey
Настольная лампа Рэй White,2590,/product/nastolnaya-lampa-rej-white
Светильник потолочный Matthew,4990,/product/svetilnik-potolochnyj-matthew
Настольная лампа Junior-4,2990,/product/nastolnaya-lampa-junior-4
Спот Лайт-1 Black,2390,/product/spot-lajt-1-black
Настольная лампа Junior-1,3990,/product/nastolnaya-lampa-junior-1
Подвесной светильник Milligan,5490,/product/podvesnoj-svetilnik-milligan
Настольная лампа Сфера Black,3990,/product/nastolnaya-lampa-sfera-black
Подвесной светильник Townshend-4,10 990,/product/podvesnoj-svetilnik-townshend-4
Люстра Монти-3 White,9990,/product/lyustra-monti-3-white
Настольная лампа Junior-2,2890,/product/nastolnaya-lampa-junior-2
Торшер Duetto,6990,/product/torsher-duetto
Настольная лампа Sphere,6530,/product/nastolnaya-lampa-sphere
Подвесной светильник Layham,19 790,/product/podvesnoj-svetilnik-layham
Бра Galdakao-1,6590,/product/bra-galdakao
Настольная лампа Гросс White,3590,/product/nastolnaya-lampa-gross-white
Подвесной светильник Сэнсил Silver,4590,/product/podvesnoj-svetilnik-sensil-silver
Подвесной светильник Tureis,3390,/product/podvesnoj-svetilnik-tureis
Бра Moderli Birds-1,9390,/product/bra-moderli-birds-1
Подвесной светильник Даклин White,3890,/product/podvesnoj-svetilnik-daklin-white
Настольная лампа Townshend-5,5490,/product/nastolnaya-lampa-townshend-5
